,lr,val_loss
0,0.0001,8.165525675727489e+24
1,0.000325,8.165525675520169e+24
2,0.00055,8.165525674927499e+24
3,0.0007750000000000001,8.165525673302666e+24
4,0.001,8.165525666900905e+24
