,lr,val_loss
0,0.05,5.398254200376763e+24
1,0.1,5.38610524421101e+24
