,lr,val_loss
0,0.05,7.96327496788247e+24
1,0.525,8.109342403721497e+24
2,1.0,8.109342403720673e+24
