,lr,val_loss
0,0.0001,6.636105417280932e+24
1,0.000325,6.636105417254852e+24
2,0.00055,6.636105417119901e+24
3,0.0007750000000000001,6.636105416665801e+24
4,0.001,6.636105415882428e+24
