,lr,val_loss
0,0.05,8.04371376561433e+24
1,0.525,8.109342403716421e+24
2,1.0,8.109342403721869e+24
