,lr,val_loss
0,0.05,5.371578430171495e+24
1,0.1,5.406074777540065e+24
