,lr,val_loss
0,0.0001,8.165525675739899e+24
1,0.000325,8.16552567571234e+24
2,0.00055,8.165525675343509e+24
3,0.0007750000000000001,8.165525674506897e+24
4,0.001,8.165525673625957e+24
